time_period,time_identifier,geographic_level,country_code,country_name,version,characteristic,characteristic_group,gender,subject,scaled_scores,t_eligible_pupils,pt_cumulative
201819,Academic year,National,E92000001,England,Final,School type,Allschools,Total,Reading,N,1154,0
201819,Academic year,National,E92000001,England,Final,School type,Allschools,Total,Reading,80,4354,1
201819,Academic year,National,E92000001,England,Final,School type,Allschools,Total,Reading,82,2210,1
201819,Academic year,National,E92000001,England,Final,School type,Allschools,Total,Reading,83,2674,2
201819,Academic year,National,E92000001,England,Final,School type,Allschools,Total,Reading,84,2776,2
201819,Academic year,National,E92000001,England,Final,School type,Allschools,Total,Reading,85,3128,3
201819,Academic year,National,E92000001,England,Final,School type,Allschools,Total,Reading,86,3378,3
201819,Academic year,National,E92000001,England,Final,School type,Allschools,Total,Reading,87,3718,4
201819,Academic year,National,E92000001,England,Final,School type,Allschools,Total,Reading,88,3970,4
201819,Academic year,National,E92000001,England,Final,School type,Allschools,Total,Reading,89,8996,6
201819,Academic year,National,E92000001,England,Final,School type,Allschools,Total,Reading,90,5084,7
201819,Academic year,National,E92000001,England,Final,School type,Allschools,Total,Reading,91,5499,7
201819,Academic year,National,E92000001,England,Final,School type,Allschools,Total,Reading,92,12434,9
201819,Academic year,National,E92000001,England,Final,School type,Allschools,Total,Reading,93,6995,11
201819,Academic year,National,E92000001,England,Final,School type,Allschools,Total,Reading,94,7769,12
201819,Academic year,National,E92000001,England,Final,School type,Allschools,Total,Reading,95,17611,15
201819,Academic year,National,E92000001,England,Final,School type,Allschools,Total,Reading,96,10097,16
201819,Academic year,National,E92000001,England,Final,School type,Allschools,Total,Reading,97,22816,20
201819,Academic year,National,E92000001,England,Final,School type,Allschools,Total,Reading,98,13323,22
201819,Academic year,National,E92000001,England,Final,School type,Allschools,Total,Reading,99,13700,24
201819,Academic year,National,E92000001,England,Final,School type,Allschools,Total,Reading,100,33709,30
201819,Academic year,National,E92000001,England,Final,School type,Allschools,Total,Reading,101,18395,32
201819,Academic year,National,E92000001,England,Final,School type,Allschools,Total,Reading,102,40307,39
201819,Academic year,National,E92000001,England,Final,School type,Allschools,Total,Reading,103,22449,43
201819,Academic year,National,E92000001,England,Final,School type,Allschools,Total,Reading,104,23591,46
201819,Academic year,National,E92000001,England,Final,School type,Allschools,Total,Reading,105,24896,50
201819,Academic year,National,E92000001,England,Final,School type,Allschools,Total,Reading,106,52072,59
201819,Academic year,National,E92000001,England,Final,School type,Allschools,Total,Reading,107,27488,63
201819,Academic year,National,E92000001,England,Final,School type,Allschools,Total,Reading,108,28168,67
201819,Academic year,National,E92000001,England,Final,School type,Allschools,Total,Reading,109,28496,72
201819,Academic year,National,E92000001,England,Final,School type,Allschools,Total,Reading,110,29127,77
201819,Academic year,National,E92000001,England,Final,School type,Allschools,Total,Reading,111,28354,81
201819,Academic year,National,E92000001,England,Final,School type,Allschools,Total,Reading,112,452,81
201819,Academic year,National,E92000001,England,Final,School type,Allschools,Total,Reading,113,27069,86
201819,Academic year,National,E92000001,England,Final,School type,Allschools,Total,Reading,114,25084,90
201819,Academic year,National,E92000001,England,Final,School type,Allschools,Total,Reading,115,21746,93
201819,Academic year,National,E92000001,England,Final,School type,Allschools,Total,Reading,116,348,93
201819,Academic year,National,E92000001,England,Final,School type,Allschools,Total,Reading,117,17922,96
201819,Academic year,National,E92000001,England,Final,School type,Allschools,Total,Reading,118,13017,98
201819,Academic year,National,E92000001,England,Final,School type,Allschools,Total,Reading,120,12706,100
201819,Academic year,National,E92000001,England,Final,School type,Allschools,Total,"Grammar, punctuation and spelling",N,214,0
201819,Academic year,National,E92000001,England,Final,School type,Allschools,Total,"Grammar, punctuation and spelling",80,786,0
201819,Academic year,National,E92000001,England,Final,School type,Allschools,Total,"Grammar, punctuation and spelling",81,763,0
201819,Academic year,National,E92000001,England,Final,School type,Allschools,Total,"Grammar, punctuation and spelling",82,1002,0
201819,Academic year,National,E92000001,England,Final,School type,Allschools,Total,"Grammar, punctuation and spelling",83,1190,1
201819,Academic year,National,E92000001,England,Final,School type,Allschools,Total,"Grammar, punctuation and spelling",84,1437,1
201819,Academic year,National,E92000001,England,Final,School type,Allschools,Total,"Grammar, punctuation and spelling",85,1722,1
201819,Academic year,National,E92000001,England,Final,School type,Allschools,Total,"Grammar, punctuation and spelling",86,1880,1
201819,Academic year,National,E92000001,England,Final,School type,Allschools,Total,"Grammar, punctuation and spelling",87,4275,2
201819,Academic year,National,E92000001,England,Final,School type,Allschools,Total,"Grammar, punctuation and spelling",88,2382,2
201819,Academic year,National,E92000001,England,Final,School type,Allschools,Total,"Grammar, punctuation and spelling",89,5068,3
201819,Academic year,National,E92000001,England,Final,School type,Allschools,Total,"Grammar, punctuation and spelling",90,5846,4
201819,Academic year,National,E92000001,England,Final,School type,Allschools,Total,"Grammar, punctuation and spelling",91,3188,5
201819,Academic year,National,E92000001,England,Final,School type,Allschools,Total,"Grammar, punctuation and spelling",92,6931,6
201819,Academic year,National,E92000001,England,Final,School type,Allschools,Total,"Grammar, punctuation and spelling",93,7746,7
201819,Academic year,National,E92000001,England,Final,School type,Allschools,Total,"Grammar, punctuation and spelling",94,12970,9
201819,Academic year,National,E92000001,England,Final,School type,Allschools,Total,"Grammar, punctuation and spelling",95,10159,11
201819,Academic year,National,E92000001,England,Final,School type,Allschools,Total,"Grammar, punctuation and spelling",96,11281,13
201819,Academic year,National,E92000001,England,Final,School type,Allschools,Total,"Grammar, punctuation and spelling",97,12837,15
201819,Academic year,National,E92000001,England,Final,School type,Allschools,Total,"Grammar, punctuation and spelling",98,14145,17
201819,Academic year,National,E92000001,England,Final,School type,Allschools,Total,"Grammar, punctuation and spelling",99,15581,19
201819,Academic year,National,E92000001,England,Final,School type,Allschools,Total,"Grammar, punctuation and spelling",100,28272,24
201819,Academic year,National,E92000001,England,Final,School type,Allschools,Total,"Grammar, punctuation and spelling",101,21560,27
201819,Academic year,National,E92000001,England,Final,School type,Allschools,Total,"Grammar, punctuation and spelling",102,24200,31
201819,Academic year,National,E92000001,England,Final,School type,Allschools,Total,"Grammar, punctuation and spelling",103,27633,36
201819,Academic year,National,E92000001,England,Final,School type,Allschools,Total,"Grammar, punctuation and spelling",104,29791,40
201819,Academic year,National,E92000001,England,Final,School type,Allschools,Total,"Grammar, punctuation and spelling",105,16116,43
201819,Academic year,National,E92000001,England,Final,School type,Allschools,Total,"Grammar, punctuation and spelling",106,33841,48
201819,Academic year,National,E92000001,England,Final,School type,Allschools,Total,"Grammar, punctuation and spelling",107,35939,54
201819,Academic year,National,E92000001,England,Final,School type,Allschools,Total,"Grammar, punctuation and spelling",108,18623,57
201819,Academic year,National,E92000001,England,Final,School type,Allschools,Total,"Grammar, punctuation and spelling",109,38385,63
201819,Academic year,National,E92000001,England,Final,School type,Allschools,Total,"Grammar, punctuation and spelling",110,20153,66
201819,Academic year,National,E92000001,England,Final,School type,Allschools,Total,"Grammar, punctuation and spelling",111,39413,73
201819,Academic year,National,E92000001,England,Final,School type,Allschools,Total,"Grammar, punctuation and spelling",112,20127,76
201819,Academic year,National,E92000001,England,Final,School type,Allschools,Total,"Grammar, punctuation and spelling",113,19561,79
201819,Academic year,National,E92000001,England,Final,School type,Allschools,Total,"Grammar, punctuation and spelling",114,19389,82
201819,Academic year,National,E92000001,England,Final,School type,Allschools,Total,"Grammar, punctuation and spelling",115,18636,85
201819,Academic year,National,E92000001,England,Final,School type,Allschools,Total,"Grammar, punctuation and spelling",116,17504,88
201819,Academic year,National,E92000001,England,Final,School type,Allschools,Total,"Grammar, punctuation and spelling",117,16754,90
201819,Academic year,National,E92000001,England,Final,School type,Allschools,Total,"Grammar, punctuation and spelling",118,15248,93
201819,Academic year,National,E92000001,England,Final,School type,Allschools,Total,"Grammar, punctuation and spelling",119,13514,95
201819,Academic year,National,E92000001,England,Final,School type,Allschools,Total,"Grammar, punctuation and spelling",120,31478,100
201819,Academic year,National,E92000001,England,Final,School type,Allschools,Total,Maths,N,432,0
201819,Academic year,National,E92000001,England,Final,School type,Allschools,Total,Maths,80,1428,0
201819,Academic year,National,E92000001,England,Final,School type,Allschools,Total,Maths,81,727,0
201819,Academic year,National,E92000001,England,Final,School type,Allschools,Total,Maths,82,1803,1
201819,Academic year,National,E92000001,England,Final,School type,Allschools,Total,Maths,83,1120,1
201819,Academic year,National,E92000001,England,Final,School type,Allschools,Total,Maths,84,2325,1
201819,Academic year,National,E92000001,England,Final,School type,Allschools,Total,Maths,85,2617,2
201819,Academic year,National,E92000001,England,Final,School type,Allschools,Total,Maths,86,2697,2
201819,Academic year,National,E92000001,England,Final,School type,Allschools,Total,Maths,87,2950,3
201819,Academic year,National,E92000001,England,Final,School type,Allschools,Total,Maths,88,3229,3
201819,Academic year,National,E92000001,England,Final,School type,Allschools,Total,Maths,89,5094,4
201819,Academic year,National,E92000001,England,Final,School type,Allschools,Total,Maths,90,3729,4
201819,Academic year,National,E92000001,England,Final,School type,Allschools,Total,Maths,91,5508,5
201819,Academic year,National,E92000001,England,Final,School type,Allschools,Total,Maths,92,7934,7
201819,Academic year,National,E92000001,England,Final,School type,Allschools,Total,Maths,93,6506,8
201819,Academic year,National,E92000001,England,Final,School type,Allschools,Total,Maths,94,6781,9
201819,Academic year,National,E92000001,England,Final,School type,Allschools,Total,Maths,95,10059,10
201819,Academic year,National,E92000001,England,Final,School type,Allschools,Total,Maths,96,10652,12
201819,Academic year,National,E92000001,England,Final,School type,Allschools,Total,Maths,97,12068,14
201819,Academic year,National,E92000001,England,Final,School type,Allschools,Total,Maths,98,13917,16
201819,Academic year,National,E92000001,England,Final,School type,Allschools,Total,Maths,99,15750,19
201819,Academic year,National,E92000001,England,Final,School type,Allschools,Total,Maths,100,19335,22
201819,Academic year,National,E92000001,England,Final,School type,Allschools,Total,Maths,101,29951,27
201819,Academic year,National,E92000001,England,Final,School type,Allschools,Total,Maths,102,29149,31
201819,Academic year,National,E92000001,England,Final,School type,Allschools,Total,Maths,103,34597,37
201819,Academic year,National,E92000001,England,Final,School type,Allschools,Total,Maths,104,29176,41
201819,Academic year,National,E92000001,England,Final,School type,Allschools,Total,Maths,105,42132,48
201819,Academic year,National,E92000001,England,Final,School type,Allschools,Total,Maths,106,45081,55
201819,Academic year,National,E92000001,England,Final,School type,Allschools,Total,Maths,107,35317,61
201819,Academic year,National,E92000001,England,Final,School type,Allschools,Total,Maths,108,36130,67
201819,Academic year,National,E92000001,England,Final,School type,Allschools,Total,Maths,109,36570,72
201819,Academic year,National,E92000001,England,Final,School type,Allschools,Total,Maths,110,37706,78
201819,Academic year,National,E92000001,England,Final,School type,Allschools,Total,Maths,111,25182,82
201819,Academic year,National,E92000001,England,Final,School type,Allschools,Total,Maths,112,25464,86
201819,Academic year,National,E92000001,England,Final,School type,Allschools,Total,Maths,113,24885,90
201819,Academic year,National,E92000001,England,Final,School type,Allschools,Total,Maths,114,12113,92
201819,Academic year,National,E92000001,England,Final,School type,Allschools,Total,Maths,115,11457,94
201819,Academic year,National,E92000001,England,Final,School type,Allschools,Total,Maths,116,10483,96
201819,Academic year,National,E92000001,England,Final,School type,Allschools,Total,Maths,117,9333,97
201819,Academic year,National,E92000001,England,Final,School type,Allschools,Total,Maths,118,7715,99
201819,Academic year,National,E92000001,England,Final,School type,Allschools,Total,Maths,119,92,99
201819,Academic year,National,E92000001,England,Final,School type,Allschools,Total,Maths,120,8716,100
201819,Academic year,National,E92000001,England,Final,School type,Allschools,Boys,Reading,N,805,0
201819,Academic year,National,E92000001,England,Final,School type,Allschools,Boys,Reading,80,2935,1
201819,Academic year,National,E92000001,England,Final,School type,Allschools,Boys,Reading,82,1415,2
201819,Academic year,National,E92000001,England,Final,School type,Allschools,Boys,Reading,83,1751,2
201819,Academic year,National,E92000001,England,Final,School type,Allschools,Boys,Reading,84,1744,3
201819,Academic year,National,E92000001,England,Final,School type,Allschools,Boys,Reading,85,2033,3
201819,Academic year,National,E92000001,England,Final,School type,Allschools,Boys,Reading,86,2116,4
201819,Academic year,National,E92000001,England,Final,School type,Allschools,Boys,Reading,87,2298,5
201819,Academic year,National,E92000001,England,Final,School type,Allschools,Boys,Reading,88,2472,6
201819,Academic year,National,E92000001,England,Final,School type,Allschools,Boys,Reading,89,5557,7
201819,Academic year,National,E92000001,England,Final,School type,Allschools,Boys,Reading,90,3061,8
201819,Academic year,National,E92000001,England,Final,School type,Allschools,Boys,Reading,91,3364,9
201819,Academic year,National,E92000001,England,Final,School type,Allschools,Boys,Reading,92,7355,12
201819,Academic year,National,E92000001,England,Final,School type,Allschools,Boys,Reading,93,4086,13
201819,Academic year,National,E92000001,England,Final,School type,Allschools,Boys,Reading,94,4513,14
201819,Academic year,National,E92000001,England,Final,School type,Allschools,Boys,Reading,95,10130,18
201819,Academic year,National,E92000001,England,Final,School type,Allschools,Boys,Reading,96,5730,19
201819,Academic year,National,E92000001,England,Final,School type,Allschools,Boys,Reading,97,12839,23
201819,Academic year,National,E92000001,England,Final,School type,Allschools,Boys,Reading,98,7263,26
201819,Academic year,National,E92000001,England,Final,School type,Allschools,Boys,Reading,99,7589,28
201819,Academic year,National,E92000001,England,Final,School type,Allschools,Boys,Reading,100,18354,34
201819,Academic year,National,E92000001,England,Final,School type,Allschools,Boys,Reading,101,9862,37
201819,Academic year,National,E92000001,England,Final,School type,Allschools,Boys,Reading,102,21336,44
201819,Academic year,National,E92000001,England,Final,School type,Allschools,Boys,Reading,103,11713,48
201819,Academic year,National,E92000001,England,Final,School type,Allschools,Boys,Reading,104,12209,51
201819,Academic year,National,E92000001,England,Final,School type,Allschools,Boys,Reading,105,12733,55
201819,Academic year,National,E92000001,England,Final,School type,Allschools,Boys,Reading,106,26097,64
201819,Academic year,National,E92000001,England,Final,School type,Allschools,Boys,Reading,107,13644,68
201819,Academic year,National,E92000001,England,Final,School type,Allschools,Boys,Reading,108,13711,72
201819,Academic year,National,E92000001,England,Final,School type,Allschools,Boys,Reading,109,13646,77
201819,Academic year,National,E92000001,England,Final,School type,Allschools,Boys,Reading,110,13504,81
201819,Academic year,National,E92000001,England,Final,School type,Allschools,Boys,Reading,111,12815,85
201819,Academic year,National,E92000001,England,Final,School type,Allschools,Boys,Reading,112,208,85
201819,Academic year,National,E92000001,England,Final,School type,Allschools,Boys,Reading,113,12045,89
201819,Academic year,National,E92000001,England,Final,School type,Allschools,Boys,Reading,114,10810,92
201819,Academic year,National,E92000001,England,Final,School type,Allschools,Boys,Reading,115,8777,95
201819,Academic year,National,E92000001,England,Final,School type,Allschools,Boys,Reading,116,127,95
201819,Academic year,National,E92000001,England,Final,School type,Allschools,Boys,Reading,117,6960,97
201819,Academic year,National,E92000001,England,Final,School type,Allschools,Boys,Reading,118,4801,99
201819,Academic year,National,E92000001,England,Final,School type,Allschools,Boys,Reading,120,4050,100
201819,Academic year,National,E92000001,England,Final,School type,Allschools,Boys,"Grammar, punctuation and spelling",N,147,0
201819,Academic year,National,E92000001,England,Final,School type,Allschools,Boys,"Grammar, punctuation and spelling",80,521,0
201819,Academic year,National,E92000001,England,Final,School type,Allschools,Boys,"Grammar, punctuation and spelling",81,501,0
201819,Academic year,National,E92000001,England,Final,School type,Allschools,Boys,"Grammar, punctuation and spelling",82,647,1
201819,Academic year,National,E92000001,England,Final,School type,Allschools,Boys,"Grammar, punctuation and spelling",83,773,1
201819,Academic year,National,E92000001,England,Final,School type,Allschools,Boys,"Grammar, punctuation and spelling",84,944,1
201819,Academic year,National,E92000001,England,Final,School type,Allschools,Boys,"Grammar, punctuation and spelling",85,1172,1
201819,Academic year,National,E92000001,England,Final,School type,Allschools,Boys,"Grammar, punctuation and spelling",86,1248,2
201819,Academic year,National,E92000001,England,Final,School type,Allschools,Boys,"Grammar, punctuation and spelling",87,2708,3
201819,Academic year,National,E92000001,England,Final,School type,Allschools,Boys,"Grammar, punctuation and spelling",88,1552,3
201819,Academic year,National,E92000001,England,Final,School type,Allschools,Boys,"Grammar, punctuation and spelling",89,3303,4
201819,Academic year,National,E92000001,England,Final,School type,Allschools,Boys,"Grammar, punctuation and spelling",90,3689,5
201819,Academic year,National,E92000001,England,Final,School type,Allschools,Boys,"Grammar, punctuation and spelling",91,2003,6
201819,Academic year,National,E92000001,England,Final,School type,Allschools,Boys,"Grammar, punctuation and spelling",92,4242,7
201819,Academic year,National,E92000001,England,Final,School type,Allschools,Boys,"Grammar, punctuation and spelling",93,4759,9
201819,Academic year,National,E92000001,England,Final,School type,Allschools,Boys,"Grammar, punctuation and spelling",94,7909,11
201819,Academic year,National,E92000001,England,Final,School type,Allschools,Boys,"Grammar, punctuation and spelling",95,6020,13
201819,Academic year,National,E92000001,England,Final,School type,Allschools,Boys,"Grammar, punctuation and spelling",96,6640,15
201819,Academic year,National,E92000001,England,Final,School type,Allschools,Boys,"Grammar, punctuation and spelling",97,7488,18
201819,Academic year,National,E92000001,England,Final,School type,Allschools,Boys,"Grammar, punctuation and spelling",98,8179,20
201819,Academic year,National,E92000001,England,Final,School type,Allschools,Boys,"Grammar, punctuation and spelling",99,8762,23
201819,Academic year,National,E92000001,England,Final,School type,Allschools,Boys,"Grammar, punctuation and spelling",100,15895,28
201819,Academic year,National,E92000001,England,Final,School type,Allschools,Boys,"Grammar, punctuation and spelling",101,11694,32
201819,Academic year,National,E92000001,England,Final,School type,Allschools,Boys,"Grammar, punctuation and spelling",102,13052,36
201819,Academic year,National,E92000001,England,Final,School type,Allschools,Boys,"Grammar, punctuation and spelling",103,14645,41
201819,Academic year,National,E92000001,England,Final,School type,Allschools,Boys,"Grammar, punctuation and spelling",104,15611,45
201819,Academic year,National,E92000001,England,Final,School type,Allschools,Boys,"Grammar, punctuation and spelling",105,8274,48
201819,Academic year,National,E92000001,England,Final,School type,Allschools,Boys,"Grammar, punctuation and spelling",106,17227,54
201819,Academic year,National,E92000001,England,Final,School type,Allschools,Boys,"Grammar, punctuation and spelling",107,17739,59
201819,Academic year,National,E92000001,England,Final,School type,Allschools,Boys,"Grammar, punctuation and spelling",108,9118,62
201819,Academic year,National,E92000001,England,Final,School type,Allschools,Boys,"Grammar, punctuation and spelling",109,18533,68
201819,Academic year,National,E92000001,England,Final,School type,Allschools,Boys,"Grammar, punctuation and spelling",110,9514,71
201819,Academic year,National,E92000001,England,Final,School type,Allschools,Boys,"Grammar, punctuation and spelling",111,18284,77
201819,Academic year,National,E92000001,England,Final,School type,Allschools,Boys,"Grammar, punctuation and spelling",112,9264,80
201819,Academic year,National,E92000001,England,Final,School type,Allschools,Boys,"Grammar, punctuation and spelling",113,8795,82
201819,Academic year,National,E92000001,England,Final,School type,Allschools,Boys,"Grammar, punctuation and spelling",114,8629,85
201819,Academic year,National,E92000001,England,Final,School type,Allschools,Boys,"Grammar, punctuation and spelling",115,8055,88
201819,Academic year,National,E92000001,England,Final,School type,Allschools,Boys,"Grammar, punctuation and spelling",116,7594,90
201819,Academic year,National,E92000001,England,Final,School type,Allschools,Boys,"Grammar, punctuation and spelling",117,7108,92
201819,Academic year,National,E92000001,England,Final,School type,Allschools,Boys,"Grammar, punctuation and spelling",118,6372,94
201819,Academic year,National,E92000001,England,Final,School type,Allschools,Boys,"Grammar, punctuation and spelling",119,5655,96
201819,Academic year,National,E92000001,England,Final,School type,Allschools,Boys,"Grammar, punctuation and spelling",120,12491,100
201819,Academic year,National,E92000001,England,Final,School type,Allschools,Boys,Maths,N,255,0
201819,Academic year,National,E92000001,England,Final,School type,Allschools,Boys,Maths,80,730,0
201819,Academic year,National,E92000001,England,Final,School type,Allschools,Boys,Maths,81,396,0
201819,Academic year,National,E92000001,England,Final,School type,Allschools,Boys,Maths,82,915,1
201819,Academic year,National,E92000001,England,Final,School type,Allschools,Boys,Maths,83,576,1
201819,Academic year,National,E92000001,England,Final,School type,Allschools,Boys,Maths,84,1209,1
201819,Academic year,National,E92000001,England,Final,School type,Allschools,Boys,Maths,85,1351,2
201819,Academic year,National,E92000001,England,Final,School type,Allschools,Boys,Maths,86,1397,2
201819,Academic year,National,E92000001,England,Final,School type,Allschools,Boys,Maths,87,1543,3
201819,Academic year,National,E92000001,England,Final,School type,Allschools,Boys,Maths,88,1683,3
201819,Academic year,National,E92000001,England,Final,School type,Allschools,Boys,Maths,89,2683,4
201819,Academic year,National,E92000001,England,Final,School type,Allschools,Boys,Maths,90,1948,5
201819,Academic year,National,E92000001,England,Final,School type,Allschools,Boys,Maths,91,2849,6
201819,Academic year,National,E92000001,England,Final,School type,Allschools,Boys,Maths,92,4123,7
201819,Academic year,National,E92000001,England,Final,School type,Allschools,Boys,Maths,93,3416,8
201819,Academic year,National,E92000001,England,Final,School type,Allschools,Boys,Maths,94,3422,9
201819,Academic year,National,E92000001,England,Final,School type,Allschools,Boys,Maths,95,4995,11
201819,Academic year,National,E92000001,England,Final,School type,Allschools,Boys,Maths,96,5297,12
201819,Academic year,National,E92000001,England,Final,School type,Allschools,Boys,Maths,97,5867,14
201819,Academic year,National,E92000001,England,Final,School type,Allschools,Boys,Maths,98,6582,16
201819,Academic year,National,E92000001,England,Final,School type,Allschools,Boys,Maths,99,7467,19
201819,Academic year,National,E92000001,England,Final,School type,Allschools,Boys,Maths,100,9083,21
201819,Academic year,National,E92000001,England,Final,School type,Allschools,Boys,Maths,101,14009,26
201819,Academic year,National,E92000001,England,Final,School type,Allschools,Boys,Maths,102,13449,30
201819,Academic year,National,E92000001,England,Final,School type,Allschools,Boys,Maths,103,15994,35
201819,Academic year,National,E92000001,England,Final,School type,Allschools,Boys,Maths,104,13720,39
201819,Academic year,National,E92000001,England,Final,School type,Allschools,Boys,Maths,105,19913,46
201819,Academic year,National,E92000001,England,Final,School type,Allschools,Boys,Maths,106,22048,53
201819,Academic year,National,E92000001,England,Final,School type,Allschools,Boys,Maths,107,17505,58
201819,Academic year,National,E92000001,England,Final,School type,Allschools,Boys,Maths,108,18213,64
201819,Academic year,National,E92000001,England,Final,School type,Allschools,Boys,Maths,109,18701,70
201819,Academic year,National,E92000001,England,Final,School type,Allschools,Boys,Maths,110,19866,76
201819,Academic year,National,E92000001,England,Final,School type,Allschools,Boys,Maths,111,13509,80
201819,Academic year,National,E92000001,England,Final,School type,Allschools,Boys,Maths,112,13995,85
201819,Academic year,National,E92000001,England,Final,School type,Allschools,Boys,Maths,113,13907,89
201819,Academic year,National,E92000001,England,Final,School type,Allschools,Boys,Maths,114,6800,91
201819,Academic year,National,E92000001,England,Final,School type,Allschools,Boys,Maths,115,6495,93
201819,Academic year,National,E92000001,England,Final,School type,Allschools,Boys,Maths,116,5971,95
201819,Academic year,National,E92000001,England,Final,School type,Allschools,Boys,Maths,117,5479,97
201819,Academic year,National,E92000001,England,Final,School type,Allschools,Boys,Maths,118,4536,98
201819,Academic year,National,E92000001,England,Final,School type,Allschools,Boys,Maths,119,50,98
201819,Academic year,National,E92000001,England,Final,School type,Allschools,Boys,Maths,120,5293,100
201819,Academic year,National,E92000001,England,Final,School type,Allschools,Girls,Reading,N,349,0
201819,Academic year,National,E92000001,England,Final,School type,Allschools,Girls,Reading,80,1418,1
201819,Academic year,National,E92000001,England,Final,School type,Allschools,Girls,Reading,82,795,1
201819,Academic year,National,E92000001,England,Final,School type,Allschools,Girls,Reading,83,923,1
201819,Academic year,National,E92000001,England,Final,School type,Allschools,Girls,Reading,84,1032,1
201819,Academic year,National,E92000001,England,Final,School type,Allschools,Girls,Reading,85,1095,2
201819,Academic year,National,E92000001,England,Final,School type,Allschools,Girls,Reading,86,1262,2
201819,Academic year,National,E92000001,England,Final,School type,Allschools,Girls,Reading,87,1420,3
201819,Academic year,National,E92000001,England,Final,School type,Allschools,Girls,Reading,88,1498,3
201819,Academic year,National,E92000001,England,Final,School type,Allschools,Girls,Reading,89,3439,4
201819,Academic year,National,E92000001,England,Final,School type,Allschools,Girls,Reading,90,2023,5
201819,Academic year,National,E92000001,England,Final,School type,Allschools,Girls,Reading,91,2135,6
201819,Academic year,National,E92000001,England,Final,School type,Allschools,Girls,Reading,92,5079,7
201819,Academic year,National,E92000001,England,Final,School type,Allschools,Girls,Reading,93,2909,8
201819,Academic year,National,E92000001,England,Final,School type,Allschools,Girls,Reading,94,3256,9
201819,Academic year,National,E92000001,England,Final,School type,Allschools,Girls,Reading,95,7481,12
201819,Academic year,National,E92000001,England,Final,School type,Allschools,Girls,Reading,96,4367,13
201819,Academic year,National,E92000001,England,Final,School type,Allschools,Girls,Reading,97,9977,16
201819,Academic year,National,E92000001,England,Final,School type,Allschools,Girls,Reading,98,6059,18
201819,Academic year,National,E92000001,England,Final,School type,Allschools,Girls,Reading,99,6111,20
201819,Academic year,National,E92000001,England,Final,School type,Allschools,Girls,Reading,100,15355,25
201819,Academic year,National,E92000001,England,Final,School type,Allschools,Girls,Reading,101,8533,28
201819,Academic year,National,E92000001,England,Final,School type,Allschools,Girls,Reading,102,18971,34
201819,Academic year,National,E92000001,England,Final,School type,Allschools,Girls,Reading,103,10736,37
201819,Academic year,National,E92000001,England,Final,School type,Allschools,Girls,Reading,104,11382,41
201819,Academic year,National,E92000001,England,Final,School type,Allschools,Girls,Reading,105,12163,45
201819,Academic year,National,E92000001,England,Final,School type,Allschools,Girls,Reading,106,25975,53
201819,Academic year,National,E92000001,England,Final,School type,Allschools,Girls,Reading,107,13844,58
201819,Academic year,National,E92000001,England,Final,School type,Allschools,Girls,Reading,108,14457,62
201819,Academic year,National,E92000001,England,Final,School type,Allschools,Girls,Reading,109,14850,67
201819,Academic year,National,E92000001,England,Final,School type,Allschools,Girls,Reading,110,15623,72
201819,Academic year,National,E92000001,England,Final,School type,Allschools,Girls,Reading,111,15539,77
201819,Academic year,National,E92000001,England,Final,School type,Allschools,Girls,Reading,112,244,77
201819,Academic year,National,E92000001,England,Final,School type,Allschools,Girls,Reading,113,15024,82
201819,Academic year,National,E92000001,England,Final,School type,Allschools,Girls,Reading,114,14274,87
201819,Academic year,National,E92000001,England,Final,School type,Allschools,Girls,Reading,115,12969,91
201819,Academic year,National,E92000001,England,Final,School type,Allschools,Girls,Reading,116,221,91
201819,Academic year,National,E92000001,England,Final,School type,Allschools,Girls,Reading,117,10962,95
201819,Academic year,National,E92000001,England,Final,School type,Allschools,Girls,Reading,118,8216,97
201819,Academic year,National,E92000001,England,Final,School type,Allschools,Girls,Reading,120,8656,100
201819,Academic year,National,E92000001,England,Final,School type,Allschools,Girls,"Grammar, punctuation and spelling",N,67,0
201819,Academic year,National,E92000001,England,Final,School type,Allschools,Girls,"Grammar, punctuation and spelling",80,265,0
201819,Academic year,National,E92000001,England,Final,School type,Allschools,Girls,"Grammar, punctuation and spelling",81,261,0
201819,Academic year,National,E92000001,England,Final,School type,Allschools,Girls,"Grammar, punctuation and spelling",82,355,0
201819,Academic year,National,E92000001,England,Final,School type,Allschools,Girls,"Grammar, punctuation and spelling",83,417,0
201819,Academic year,National,E92000001,England,Final,School type,Allschools,Girls,"Grammar, punctuation and spelling",84,493,1
201819,Academic year,National,E92000001,England,Final,School type,Allschools,Girls,"Grammar, punctuation and spelling",85,550,1
201819,Academic year,National,E92000001,England,Final,School type,Allschools,Girls,"Grammar, punctuation and spelling",86,632,1
201819,Academic year,National,E92000001,England,Final,School type,Allschools,Girls,"Grammar, punctuation and spelling",87,1567,1
201819,Academic year,National,E92000001,England,Final,School type,Allschools,Girls,"Grammar, punctuation and spelling",88,830,2
201819,Academic year,National,E92000001,England,Final,School type,Allschools,Girls,"Grammar, punctuation and spelling",89,1765,2
201819,Academic year,National,E92000001,England,Final,School type,Allschools,Girls,"Grammar, punctuation and spelling",90,2157,3
201819,Academic year,National,E92000001,England,Final,School type,Allschools,Girls,"Grammar, punctuation and spelling",91,1185,3
201819,Academic year,National,E92000001,England,Final,School type,Allschools,Girls,"Grammar, punctuation and spelling",92,2689,4
201819,Academic year,National,E92000001,England,Final,School type,Allschools,Girls,"Grammar, punctuation and spelling",93,2987,5
201819,Academic year,National,E92000001,England,Final,School type,Allschools,Girls,"Grammar, punctuation and spelling",94,5061,7
201819,Academic year,National,E92000001,England,Final,School type,Allschools,Girls,"Grammar, punctuation and spelling",95,4138,8
201819,Academic year,National,E92000001,England,Final,School type,Allschools,Girls,"Grammar, punctuation and spelling",96,4641,10
201819,Academic year,National,E92000001,England,Final,School type,Allschools,Girls,"Grammar, punctuation and spelling",97,5349,11
201819,Academic year,National,E92000001,England,Final,School type,Allschools,Girls,"Grammar, punctuation and spelling",98,5966,13
201819,Academic year,National,E92000001,England,Final,School type,Allschools,Girls,"Grammar, punctuation and spelling",99,6819,16
201819,Academic year,National,E92000001,England,Final,School type,Allschools,Girls,"Grammar, punctuation and spelling",100,12377,19
201819,Academic year,National,E92000001,England,Final,School type,Allschools,Girls,"Grammar, punctuation and spelling",101,9866,23
201819,Academic year,National,E92000001,England,Final,School type,Allschools,Girls,"Grammar, punctuation and spelling",102,11148,26
201819,Academic year,National,E92000001,England,Final,School type,Allschools,Girls,"Grammar, punctuation and spelling",103,12988,30
201819,Academic year,National,E92000001,England,Final,School type,Allschools,Girls,"Grammar, punctuation and spelling",104,14180,35
201819,Academic year,National,E92000001,England,Final,School type,Allschools,Girls,"Grammar, punctuation and spelling",105,7842,38
201819,Academic year,National,E92000001,England,Final,School type,Allschools,Girls,"Grammar, punctuation and spelling",106,16614,43
201819,Academic year,National,E92000001,England,Final,School type,Allschools,Girls,"Grammar, punctuation and spelling",107,18200,49
201819,Academic year,National,E92000001,England,Final,School type,Allschools,Girls,"Grammar, punctuation and spelling",108,9505,52
201819,Academic year,National,E92000001,England,Final,School type,Allschools,Girls,"Grammar, punctuation and spelling",109,19852,58
201819,Academic year,National,E92000001,England,Final,School type,Allschools,Girls,"Grammar, punctuation and spelling",110,10639,62
201819,Academic year,National,E92000001,England,Final,School type,Allschools,Girls,"Grammar, punctuation and spelling",111,21129,68
201819,Academic year,National,E92000001,England,Final,School type,Allschools,Girls,"Grammar, punctuation and spelling",112,10863,72
201819,Academic year,National,E92000001,England,Final,School type,Allschools,Girls,"Grammar, punctuation and spelling",113,10766,75
201819,Academic year,National,E92000001,England,Final,School type,Allschools,Girls,"Grammar, punctuation and spelling",114,10760,79
201819,Academic year,National,E92000001,England,Final,School type,Allschools,Girls,"Grammar, punctuation and spelling",115,10581,82
201819,Academic year,National,E92000001,England,Final,School type,Allschools,Girls,"Grammar, punctuation and spelling",116,9910,85
201819,Academic year,National,E92000001,England,Final,School type,Allschools,Girls,"Grammar, punctuation and spelling",117,9646,89
201819,Academic year,National,E92000001,England,Final,School type,Allschools,Girls,"Grammar, punctuation and spelling",118,8876,91
201819,Academic year,National,E92000001,England,Final,School type,Allschools,Girls,"Grammar, punctuation and spelling",119,7859,94
201819,Academic year,National,E92000001,England,Final,School type,Allschools,Girls,"Grammar, punctuation and spelling",120,18987,100
201819,Academic year,National,E92000001,England,Final,School type,Allschools,Girls,Maths,N,177,0
201819,Academic year,National,E92000001,England,Final,School type,Allschools,Girls,Maths,80,698,0
201819,Academic year,National,E92000001,England,Final,School type,Allschools,Girls,Maths,81,331,0
201819,Academic year,National,E92000001,England,Final,School type,Allschools,Girls,Maths,82,887,1
201819,Academic year,National,E92000001,England,Final,School type,Allschools,Girls,Maths,83,544,1
201819,Academic year,National,E92000001,England,Final,School type,Allschools,Girls,Maths,84,1116,1
201819,Academic year,National,E92000001,England,Final,School type,Allschools,Girls,Maths,85,1266,2
201819,Academic year,National,E92000001,England,Final,School type,Allschools,Girls,Maths,86,1300,2
201819,Academic year,National,E92000001,England,Final,School type,Allschools,Girls,Maths,87,1407,2
201819,Academic year,National,E92000001,England,Final,School type,Allschools,Girls,Maths,88,1545,3
201819,Academic year,National,E92000001,England,Final,School type,Allschools,Girls,Maths,89,2411,4
201819,Academic year,National,E92000001,England,Final,School type,Allschools,Girls,Maths,90,1781,4
201819,Academic year,National,E92000001,England,Final,School type,Allschools,Girls,Maths,91,2659,5
201819,Academic year,National,E92000001,England,Final,School type,Allschools,Girls,Maths,92,3811,6
201819,Academic year,National,E92000001,England,Final,School type,Allschools,Girls,Maths,93,3090,7
201819,Academic year,National,E92000001,England,Final,School type,Allschools,Girls,Maths,94,3359,8
201819,Academic year,National,E92000001,England,Final,School type,Allschools,Girls,Maths,95,5064,10
201819,Academic year,National,E92000001,England,Final,School type,Allschools,Girls,Maths,96,5355,12
201819,Academic year,National,E92000001,England,Final,School type,Allschools,Girls,Maths,97,6200,14
201819,Academic year,National,E92000001,England,Final,School type,Allschools,Girls,Maths,98,7335,16
201819,Academic year,National,E92000001,England,Final,School type,Allschools,Girls,Maths,99,8283,19
201819,Academic year,National,E92000001,England,Final,School type,Allschools,Girls,Maths,100,10252,22
201819,Academic year,National,E92000001,England,Final,School type,Allschools,Girls,Maths,101,15941,27
201819,Academic year,National,E92000001,England,Final,School type,Allschools,Girls,Maths,102,15700,32
201819,Academic year,National,E92000001,England,Final,School type,Allschools,Girls,Maths,103,18603,38
201819,Academic year,National,E92000001,England,Final,School type,Allschools,Girls,Maths,104,15456,43
201819,Academic year,National,E92000001,England,Final,School type,Allschools,Girls,Maths,105,22219,50
201819,Academic year,National,E92000001,England,Final,School type,Allschools,Girls,Maths,106,23033,58
201819,Academic year,National,E92000001,England,Final,School type,Allschools,Girls,Maths,107,17812,64
201819,Academic year,National,E92000001,England,Final,School type,Allschools,Girls,Maths,108,17917,69
201819,Academic year,National,E92000001,England,Final,School type,Allschools,Girls,Maths,109,17869,75
201819,Academic year,National,E92000001,England,Final,School type,Allschools,Girls,Maths,110,17840,81
201819,Academic year,National,E92000001,England,Final,School type,Allschools,Girls,Maths,111,11673,85
201819,Academic year,National,E92000001,England,Final,School type,Allschools,Girls,Maths,112,11469,88
201819,Academic year,National,E92000001,England,Final,School type,Allschools,Girls,Maths,113,10978,92
201819,Academic year,National,E92000001,England,Final,School type,Allschools,Girls,Maths,114,5313,94
201819,Academic year,National,E92000001,England,Final,School type,Allschools,Girls,Maths,115,4962,95
201819,Academic year,National,E92000001,England,Final,School type,Allschools,Girls,Maths,116,4512,97
201819,Academic year,National,E92000001,England,Final,School type,Allschools,Girls,Maths,117,3854,98
201819,Academic year,National,E92000001,England,Final,School type,Allschools,Girls,Maths,118,3179,99
201819,Academic year,National,E92000001,England,Final,School type,Allschools,Girls,Maths,119,42,99
201819,Academic year,National,E92000001,England,Final,School type,Allschools,Girls,Maths,120,3423,100
202122,Academic year,National,E92000001,England,Provisional,School type,Allschools,Total,Reading,N,2177,0
202122,Academic year,National,E92000001,England,Provisional,School type,Allschools,Total,Reading,80,3221,1
202122,Academic year,National,E92000001,England,Provisional,School type,Allschools,Total,Reading,81,1888,1
202122,Academic year,National,E92000001,England,Provisional,School type,Allschools,Total,Reading,82,2124,1
202122,Academic year,National,E92000001,England,Provisional,School type,Allschools,Total,Reading,83,2366,2
202122,Academic year,National,E92000001,England,Provisional,School type,Allschools,Total,Reading,84,2592,2
202122,Academic year,National,E92000001,England,Provisional,School type,Allschools,Total,Reading,85,2764,3
202122,Academic year,National,E92000001,England,Provisional,School type,Allschools,Total,Reading,86,2964,3
202122,Academic year,National,E92000001,England,Provisional,School type,Allschools,Total,Reading,87,3264,4
202122,Academic year,National,E92000001,England,Provisional,School type,Allschools,Total,Reading,88,7088,5
202122,Academic year,National,E92000001,England,Provisional,School type,Allschools,Total,Reading,89,3927,5
202122,Academic year,National,E92000001,England,Provisional,School type,Allschools,Total,Reading,90,4215,6
202122,Academic year,National,E92000001,England,Provisional,School type,Allschools,Total,Reading,91,9329,7
202122,Academic year,National,E92000001,England,Provisional,School type,Allschools,Total,Reading,92,5178,8
202122,Academic year,National,E92000001,England,Provisional,School type,Allschools,Total,Reading,93,11803,10
202122,Academic year,National,E92000001,England,Provisional,School type,Allschools,Total,Reading,94,6715,11
202122,Academic year,National,E92000001,England,Provisional,School type,Allschools,Total,Reading,95,7258,12
202122,Academic year,National,E92000001,England,Provisional,School type,Allschools,Total,Reading,96,16783,15
202122,Academic year,National,E92000001,England,Provisional,School type,Allschools,Total,Reading,97,9714,16
202122,Academic year,National,E92000001,England,Provisional,School type,Allschools,Total,Reading,98,22661,20
202122,Academic year,National,E92000001,England,Provisional,School type,Allschools,Total,Reading,99,13594,22
202122,Academic year,National,E92000001,England,Provisional,School type,Allschools,Total,Reading,100,31502,27
202122,Academic year,National,E92000001,England,Provisional,School type,Allschools,Total,Reading,101,18550,30
202122,Academic year,National,E92000001,England,Provisional,School type,Allschools,Total,Reading,102,20637,33
202122,Academic year,National,E92000001,England,Provisional,School type,Allschools,Total,Reading,103,23001,37
202122,Academic year,National,E92000001,England,Provisional,School type,Allschools,Total,Reading,104,52410,45
202122,Academic year,National,E92000001,England,Provisional,School type,Allschools,Total,Reading,105,29621,50
202122,Academic year,National,E92000001,England,Provisional,School type,Allschools,Total,Reading,106,31479,55
202122,Academic year,National,E92000001,England,Provisional,School type,Allschools,Total,Reading,107,34047,60
202122,Academic year,National,E92000001,England,Provisional,School type,Allschools,Total,Reading,108,35051,65
202122,Academic year,National,E92000001,England,Provisional,School type,Allschools,Total,Reading,109,35554,71
202122,Academic year,National,E92000001,England,Provisional,School type,Allschools,Total,Reading,110,35369,76
202122,Academic year,National,E92000001,England,Provisional,School type,Allschools,Total,Reading,111,33744,82
202122,Academic year,National,E92000001,England,Provisional,School type,Allschools,Total,Reading,112,375,82
202122,Academic year,National,E92000001,England,Provisional,School type,Allschools,Total,Reading,113,31280,87
202122,Academic year,National,E92000001,England,Provisional,School type,Allschools,Total,Reading,114,27526,91
202122,Academic year,National,E92000001,England,Provisional,School type,Allschools,Total,Reading,115,21853,94
202122,Academic year,National,E92000001,England,Provisional,School type,Allschools,Total,Reading,116,239,94
202122,Academic year,National,E92000001,England,Provisional,School type,Allschools,Total,Reading,117,16664,97
202122,Academic year,National,E92000001,England,Provisional,School type,Allschools,Total,Reading,118,10756,99
202122,Academic year,National,E92000001,England,Provisional,School type,Allschools,Total,Reading,120,8471,100
202122,Academic year,National,E92000001,England,Provisional,School type,Allschools,Total,"Grammar, punctuation and spelling",N,423,0
202122,Academic year,National,E92000001,England,Provisional,School type,Allschools,Total,"Grammar, punctuation and spelling",80,496,0
202122,Academic year,National,E92000001,England,Provisional,School type,Allschools,Total,"Grammar, punctuation and spelling",81,788,0
202122,Academic year,National,E92000001,England,Provisional,School type,Allschools,Total,"Grammar, punctuation and spelling",82,1216,0
202122,Academic year,National,E92000001,England,Provisional,School type,Allschools,Total,"Grammar, punctuation and spelling",83,1612,1
202122,Academic year,National,E92000001,England,Provisional,School type,Allschools,Total,"Grammar, punctuation and spelling",84,1869,1
202122,Academic year,National,E92000001,England,Provisional,School type,Allschools,Total,"Grammar, punctuation and spelling",85,2227,1
202122,Academic year,National,E92000001,England,Provisional,School type,Allschools,Total,"Grammar, punctuation and spelling",86,2527,2
202122,Academic year,National,E92000001,England,Provisional,School type,Allschools,Total,"Grammar, punctuation and spelling",87,5774,3
202122,Academic year,National,E92000001,England,Provisional,School type,Allschools,Total,"Grammar, punctuation and spelling",88,3192,3
202122,Academic year,National,E92000001,England,Provisional,School type,Allschools,Total,"Grammar, punctuation and spelling",89,6818,4
202122,Academic year,National,E92000001,England,Provisional,School type,Allschools,Total,"Grammar, punctuation and spelling",90,7995,5
202122,Academic year,National,E92000001,England,Provisional,School type,Allschools,Total,"Grammar, punctuation and spelling",91,4194,6
202122,Academic year,National,E92000001,England,Provisional,School type,Allschools,Total,"Grammar, punctuation and spelling",92,9146,8
202122,Academic year,National,E92000001,England,Provisional,School type,Allschools,Total,"Grammar, punctuation and spelling",93,10070,9
202122,Academic year,National,E92000001,England,Provisional,School type,Allschools,Total,"Grammar, punctuation and spelling",94,11209,11
202122,Academic year,National,E92000001,England,Provisional,School type,Allschools,Total,"Grammar, punctuation and spelling",95,12476,13
202122,Academic year,National,E92000001,England,Provisional,School type,Allschools,Total,"Grammar, punctuation and spelling",96,20984,16
202122,Academic year,National,E92000001,England,Provisional,School type,Allschools,Total,"Grammar, punctuation and spelling",97,15610,19
202122,Academic year,National,E92000001,England,Provisional,School type,Allschools,Total,"Grammar, punctuation and spelling",98,17455,21
202122,Academic year,National,E92000001,England,Provisional,School type,Allschools,Total,"Grammar, punctuation and spelling",99,19153,24
202122,Academic year,National,E92000001,England,Provisional,School type,Allschools,Total,"Grammar, punctuation and spelling",100,20971,28
202122,Academic year,National,E92000001,England,Provisional,School type,Allschools,Total,"Grammar, punctuation and spelling",101,23030,31
202122,Academic year,National,E92000001,England,Provisional,School type,Allschools,Total,"Grammar, punctuation and spelling",102,38325,37
202122,Academic year,National,E92000001,England,Provisional,School type,Allschools,Total,"Grammar, punctuation and spelling",103,28559,42
202122,Academic year,National,E92000001,England,Provisional,School type,Allschools,Total,"Grammar, punctuation and spelling",104,30216,46
202122,Academic year,National,E92000001,England,Provisional,School type,Allschools,Total,"Grammar, punctuation and spelling",105,31997,51
202122,Academic year,National,E92000001,England,Provisional,School type,Allschools,Total,"Grammar, punctuation and spelling",106,16880,54
202122,Academic year,National,E92000001,England,Provisional,School type,Allschools,Total,"Grammar, punctuation and spelling",107,34509,59
202122,Academic year,National,E92000001,England,Provisional,School type,Allschools,Total,"Grammar, punctuation and spelling",108,34992,65
202122,Academic year,National,E92000001,England,Provisional,School type,Allschools,Total,"Grammar, punctuation and spelling",109,35056,70
202122,Academic year,National,E92000001,England,Provisional,School type,Allschools,Total,"Grammar, punctuation and spelling",110,17690,73
202122,Academic year,National,E92000001,England,Provisional,School type,Allschools,Total,"Grammar, punctuation and spelling",111,17513,76
202122,Academic year,National,E92000001,England,Provisional,School type,Allschools,Total,"Grammar, punctuation and spelling",112,33748,81
202122,Academic year,National,E92000001,England,Provisional,School type,Allschools,Total,"Grammar, punctuation and spelling",113,16212,84
202122,Academic year,National,E92000001,England,Provisional,School type,Allschools,Total,"Grammar, punctuation and spelling",114,15431,86
202122,Academic year,National,E92000001,England,Provisional,School type,Allschools,Total,"Grammar, punctuation and spelling",115,14876,89
202122,Academic year,National,E92000001,England,Provisional,School type,Allschools,Total,"Grammar, punctuation and spelling",116,13871,91
202122,Academic year,National,E92000001,England,Provisional,School type,Allschools,Total,"Grammar, punctuation and spelling",117,12817,93
202122,Academic year,National,E92000001,England,Provisional,School type,Allschools,Total,"Grammar, punctuation and spelling",118,11597,95
202122,Academic year,National,E92000001,England,Provisional,School type,Allschools,Total,"Grammar, punctuation and spelling",119,10176,96
202122,Academic year,National,E92000001,England,Provisional,School type,Allschools,Total,"Grammar, punctuation and spelling",120,24715,100
202122,Academic year,National,E92000001,England,Provisional,School type,Allschools,Total,Maths,N,1799,0
202122,Academic year,National,E92000001,England,Provisional,School type,Allschools,Total,Maths,80,1251,0
202122,Academic year,National,E92000001,England,Provisional,School type,Allschools,Total,Maths,81,1412,1
202122,Academic year,National,E92000001,England,Provisional,School type,Allschools,Total,Maths,82,1639,1
202122,Academic year,National,E92000001,England,Provisional,School type,Allschools,Total,Maths,83,3658,2
202122,Academic year,National,E92000001,England,Provisional,School type,Allschools,Total,Maths,84,1984,2
202122,Academic year,National,E92000001,England,Provisional,School type,Allschools,Total,Maths,85,4114,2
202122,Academic year,National,E92000001,England,Provisional,School type,Allschools,Total,Maths,86,4259,3
202122,Academic year,National,E92000001,England,Provisional,School type,Allschools,Total,Maths,87,4494,4
202122,Academic year,National,E92000001,England,Provisional,School type,Allschools,Total,Maths,88,4665,5
202122,Academic year,National,E92000001,England,Provisional,School type,Allschools,Total,Maths,89,4708,5
202122,Academic year,National,E92000001,England,Provisional,School type,Allschools,Total,Maths,90,7444,6
202122,Academic year,National,E92000001,England,Provisional,School type,Allschools,Total,Maths,91,7653,8
202122,Academic year,National,E92000001,England,Provisional,School type,Allschools,Total,Maths,92,10717,9
202122,Academic year,National,E92000001,England,Provisional,School type,Allschools,Total,Maths,93,8480,11
202122,Academic year,National,E92000001,England,Provisional,School type,Allschools,Total,Maths,94,11732,13
202122,Academic year,National,E92000001,England,Provisional,School type,Allschools,Total,Maths,95,12537,14
202122,Academic year,National,E92000001,England,Provisional,School type,Allschools,Total,Maths,96,13486,17
202122,Academic year,National,E92000001,England,Provisional,School type,Allschools,Total,Maths,97,18236,19
202122,Academic year,National,E92000001,England,Provisional,School type,Allschools,Total,Maths,98,16119,22
202122,Academic year,National,E92000001,England,Provisional,School type,Allschools,Total,Maths,99,22193,25
202122,Academic year,National,E92000001,England,Provisional,School type,Allschools,Total,Maths,100,26204,30
202122,Academic year,National,E92000001,England,Provisional,School type,Allschools,Total,Maths,101,24086,33
202122,Academic year,National,E92000001,England,Provisional,School type,Allschools,Total,Maths,102,34781,39
202122,Academic year,National,E92000001,England,Provisional,School type,Allschools,Total,Maths,103,31633,44
202122,Academic year,National,E92000001,England,Provisional,School type,Allschools,Total,Maths,104,35204,49
202122,Academic year,National,E92000001,England,Provisional,School type,Allschools,Total,Maths,105,39206,55
202122,Academic year,National,E92000001,England,Provisional,School type,Allschools,Total,Maths,106,31835,60
202122,Academic year,National,E92000001,England,Provisional,School type,Allschools,Total,Maths,107,44353,67
202122,Academic year,National,E92000001,England,Provisional,School type,Allschools,Total,Maths,108,35244,73
202122,Academic year,National,E92000001,England,Provisional,School type,Allschools,Total,Maths,109,24369,77
202122,Academic year,National,E92000001,England,Provisional,School type,Allschools,Total,Maths,110,25304,80
202122,Academic year,National,E92000001,England,Provisional,School type,Allschools,Total,Maths,111,37235,86
202122,Academic year,National,E92000001,England,Provisional,School type,Allschools,Total,Maths,112,12447,88
202122,Academic year,National,E92000001,England,Provisional,School type,Allschools,Total,Maths,113,23737,92
202122,Academic year,National,E92000001,England,Provisional,School type,Allschools,Total,Maths,114,11308,94
202122,Academic year,National,E92000001,England,Provisional,School type,Allschools,Total,Maths,115,10084,95
202122,Academic year,National,E92000001,England,Provisional,School type,Allschools,Total,Maths,116,9394,97
202122,Academic year,National,E92000001,England,Provisional,School type,Allschools,Total,Maths,117,7744,98
202122,Academic year,National,E92000001,England,Provisional,School type,Allschools,Total,Maths,118,6223,99
202122,Academic year,National,E92000001,England,Provisional,School type,Allschools,Total,Maths,119,46,99
202122,Academic year,National,E92000001,England,Provisional,School type,Allschools,Total,Maths,120,6647,100
202122,Academic year,National,E92000001,England,Provisional,School type,Allschools,Boys,Reading,N,1568,0
202122,Academic year,National,E92000001,England,Provisional,School type,Allschools,Boys,Reading,80,2243,1
202122,Academic year,National,E92000001,England,Provisional,School type,Allschools,Boys,Reading,81,1261,2
202122,Academic year,National,E92000001,England,Provisional,School type,Allschools,Boys,Reading,82,1393,2
202122,Academic year,National,E92000001,England,Provisional,School type,Allschools,Boys,Reading,83,1580,2
202122,Academic year,National,E92000001,England,Provisional,School type,Allschools,Boys,Reading,84,1641,3
202122,Academic year,National,E92000001,England,Provisional,School type,Allschools,Boys,Reading,85,1750,4
202122,Academic year,National,E92000001,England,Provisional,School type,Allschools,Boys,Reading,86,1920,4
202122,Academic year,National,E92000001,England,Provisional,School type,Allschools,Boys,Reading,87,2043,5
202122,Academic year,National,E92000001,England,Provisional,School type,Allschools,Boys,Reading,88,4410,6
202122,Academic year,National,E92000001,England,Provisional,School type,Allschools,Boys,Reading,89,2394,7
202122,Academic year,National,E92000001,England,Provisional,School type,Allschools,Boys,Reading,90,2637,8
202122,Academic year,National,E92000001,England,Provisional,School type,Allschools,Boys,Reading,91,5746,9
202122,Academic year,National,E92000001,England,Provisional,School type,Allschools,Boys,Reading,92,3160,10
202122,Academic year,National,E92000001,England,Provisional,School type,Allschools,Boys,Reading,93,7074,13
202122,Academic year,National,E92000001,England,Provisional,School type,Allschools,Boys,Reading,94,4019,14
202122,Academic year,National,E92000001,England,Provisional,School type,Allschools,Boys,Reading,95,4313,15
202122,Academic year,National,E92000001,England,Provisional,School type,Allschools,Boys,Reading,96,9843,18
202122,Academic year,National,E92000001,England,Provisional,School type,Allschools,Boys,Reading,97,5608,20
202122,Academic year,National,E92000001,England,Provisional,School type,Allschools,Boys,Reading,98,12882,24
202122,Academic year,National,E92000001,England,Provisional,School type,Allschools,Boys,Reading,99,7627,26
202122,Academic year,National,E92000001,England,Provisional,School type,Allschools,Boys,Reading,100,17708,32
202122,Academic year,National,E92000001,England,Provisional,School type,Allschools,Boys,Reading,101,10201,35
202122,Academic year,National,E92000001,England,Provisional,School type,Allschools,Boys,Reading,102,11222,38
202122,Academic year,National,E92000001,England,Provisional,School type,Allschools,Boys,Reading,103,12376,42
202122,Academic year,National,E92000001,England,Provisional,School type,Allschools,Boys,Reading,104,27423,51
202122,Academic year,National,E92000001,England,Provisional,School type,Allschools,Boys,Reading,105,15085,55
202122,Academic year,National,E92000001,England,Provisional,School type,Allschools,Boys,Reading,106,15678,60
202122,Academic year,National,E92000001,England,Provisional,School type,Allschools,Boys,Reading,107,16714,65
202122,Academic year,National,E92000001,England,Provisional,School type,Allschools,Boys,Reading,108,16752,71
202122,Academic year,National,E92000001,England,Provisional,School type,Allschools,Boys,Reading,109,16836,76
202122,Academic year,National,E92000001,England,Provisional,School type,Allschools,Boys,Reading,110,16062,81
202122,Academic year,National,E92000001,England,Provisional,School type,Allschools,Boys,Reading,111,14994,85
202122,Academic year,National,E92000001,England,Provisional,School type,Allschools,Boys,Reading,112,170,86
202122,Academic year,National,E92000001,England,Provisional,School type,Allschools,Boys,Reading,113,13461,90
202122,Academic year,National,E92000001,England,Provisional,School type,Allschools,Boys,Reading,114,11490,93
202122,Academic year,National,E92000001,England,Provisional,School type,Allschools,Boys,Reading,115,8734,96
202122,Academic year,National,E92000001,England,Provisional,School type,Allschools,Boys,Reading,116,90,96
202122,Academic year,National,E92000001,England,Provisional,School type,Allschools,Boys,Reading,117,6296,98
202122,Academic year,National,E92000001,England,Provisional,School type,Allschools,Boys,Reading,118,3900,99
202122,Academic year,National,E92000001,England,Provisional,School type,Allschools,Boys,Reading,120,2796,100
202122,Academic year,National,E92000001,England,Provisional,School type,Allschools,Boys,"Grammar, punctuation and spelling",N,280,0
202122,Academic year,National,E92000001,England,Provisional,School type,Allschools,Boys,"Grammar, punctuation and spelling",80,315,0
202122,Academic year,National,E92000001,England,Provisional,School type,Allschools,Boys,"Grammar, punctuation and spelling",81,540,0
202122,Academic year,National,E92000001,England,Provisional,School type,Allschools,Boys,"Grammar, punctuation and spelling",82,808,1
202122,Academic year,National,E92000001,England,Provisional,School type,Allschools,Boys,"Grammar, punctuation and spelling",83,1032,1
202122,Academic year,National,E92000001,England,Provisional,School type,Allschools,Boys,"Grammar, punctuation and spelling",84,1209,1
202122,Academic year,National,E92000001,England,Provisional,School type,Allschools,Boys,"Grammar, punctuation and spelling",85,1441,2
202122,Academic year,National,E92000001,England,Provisional,School type,Allschools,Boys,"Grammar, punctuation and spelling",86,1625,2
202122,Academic year,National,E92000001,England,Provisional,School type,Allschools,Boys,"Grammar, punctuation and spelling",87,3639,3
202122,Academic year,National,E92000001,England,Provisional,School type,Allschools,Boys,"Grammar, punctuation and spelling",88,2010,4
202122,Academic year,National,E92000001,England,Provisional,School type,Allschools,Boys,"Grammar, punctuation and spelling",89,4183,5
202122,Academic year,National,E92000001,England,Provisional,School type,Allschools,Boys,"Grammar, punctuation and spelling",90,4904,7
202122,Academic year,National,E92000001,England,Provisional,School type,Allschools,Boys,"Grammar, punctuation and spelling",91,2526,8
202122,Academic year,National,E92000001,England,Provisional,School type,Allschools,Boys,"Grammar, punctuation and spelling",92,5431,9
202122,Academic year,National,E92000001,England,Provisional,School type,Allschools,Boys,"Grammar, punctuation and spelling",93,6022,11
202122,Academic year,National,E92000001,England,Provisional,School type,Allschools,Boys,"Grammar, punctuation and spelling",94,6511,13
202122,Academic year,National,E92000001,England,Provisional,School type,Allschools,Boys,"Grammar, punctuation and spelling",95,7141,15
202122,Academic year,National,E92000001,England,Provisional,School type,Allschools,Boys,"Grammar, punctuation and spelling",96,11856,19
202122,Academic year,National,E92000001,England,Provisional,School type,Allschools,Boys,"Grammar, punctuation and spelling",97,8502,22
202122,Academic year,National,E92000001,England,Provisional,School type,Allschools,Boys,"Grammar, punctuation and spelling",98,9502,25
202122,Academic year,National,E92000001,England,Provisional,School type,Allschools,Boys,"Grammar, punctuation and spelling",99,10382,28
202122,Academic year,National,E92000001,England,Provisional,School type,Allschools,Boys,"Grammar, punctuation and spelling",100,11016,31
202122,Academic year,National,E92000001,England,Provisional,School type,Allschools,Boys,"Grammar, punctuation and spelling",101,12125,35
202122,Academic year,National,E92000001,England,Provisional,School type,Allschools,Boys,"Grammar, punctuation and spelling",102,19705,41
202122,Academic year,National,E92000001,England,Provisional,School type,Allschools,Boys,"Grammar, punctuation and spelling",103,14572,46
202122,Academic year,National,E92000001,England,Provisional,School type,Allschools,Boys,"Grammar, punctuation and spelling",104,15324,50
202122,Academic year,National,E92000001,England,Provisional,School type,Allschools,Boys,"Grammar, punctuation and spelling",105,15860,55
202122,Academic year,National,E92000001,England,Provisional,School type,Allschools,Boys,"Grammar, punctuation and spelling",106,8347,58
202122,Academic year,National,E92000001,England,Provisional,School type,Allschools,Boys,"Grammar, punctuation and spelling",107,16982,63
202122,Academic year,National,E92000001,England,Provisional,School type,Allschools,Boys,"Grammar, punctuation and spelling",108,16754,68
202122,Academic year,National,E92000001,England,Provisional,School type,Allschools,Boys,"Grammar, punctuation and spelling",109,16617,74
202122,Academic year,National,E92000001,England,Provisional,School type,Allschools,Boys,"Grammar, punctuation and spelling",110,8338,76
202122,Academic year,National,E92000001,England,Provisional,School type,Allschools,Boys,"Grammar, punctuation and spelling",111,8175,79
202122,Academic year,National,E92000001,England,Provisional,School type,Allschools,Boys,"Grammar, punctuation and spelling",112,15714,84
202122,Academic year,National,E92000001,England,Provisional,School type,Allschools,Boys,"Grammar, punctuation and spelling",113,7493,86
202122,Academic year,National,E92000001,England,Provisional,School type,Allschools,Boys,"Grammar, punctuation and spelling",114,6993,88
202122,Academic year,National,E92000001,England,Provisional,School type,Allschools,Boys,"Grammar, punctuation and spelling",115,6719,90
202122,Academic year,National,E92000001,England,Provisional,School type,Allschools,Boys,"Grammar, punctuation and spelling",116,6234,92
202122,Academic year,National,E92000001,England,Provisional,School type,Allschools,Boys,"Grammar, punctuation and spelling",117,5729,94
202122,Academic year,National,E92000001,England,Provisional,School type,Allschools,Boys,"Grammar, punctuation and spelling",118,5053,95
202122,Academic year,National,E92000001,England,Provisional,School type,Allschools,Boys,"Grammar, punctuation and spelling",119,4472,97
202122,Academic year,National,E92000001,England,Provisional,School type,Allschools,Boys,"Grammar, punctuation and spelling",120,10366,100
202122,Academic year,National,E92000001,England,Provisional,School type,Allschools,Boys,Maths,N,868,0
202122,Academic year,National,E92000001,England,Provisional,School type,Allschools,Boys,Maths,80,588,0
202122,Academic year,National,E92000001,England,Provisional,School type,Allschools,Boys,Maths,81,641,1
202122,Academic year,National,E92000001,England,Provisional,School type,Allschools,Boys,Maths,82,753,1
202122,Academic year,National,E92000001,England,Provisional,School type,Allschools,Boys,Maths,83,1673,1
202122,Academic year,National,E92000001,England,Provisional,School type,Allschools,Boys,Maths,84,944,2
202122,Academic year,National,E92000001,England,Provisional,School type,Allschools,Boys,Maths,85,1963,2
202122,Academic year,National,E92000001,England,Provisional,School type,Allschools,Boys,Maths,86,2080,3
202122,Academic year,National,E92000001,England,Provisional,School type,Allschools,Boys,Maths,87,2203,4
202122,Academic year,National,E92000001,England,Provisional,School type,Allschools,Boys,Maths,88,2279,4
202122,Academic year,National,E92000001,England,Provisional,School type,Allschools,Boys,Maths,89,2324,5
202122,Academic year,National,E92000001,England,Provisional,School type,Allschools,Boys,Maths,90,3590,6
202122,Academic year,National,E92000001,England,Provisional,School type,Allschools,Boys,Maths,91,3785,7
202122,Academic year,National,E92000001,England,Provisional,School type,Allschools,Boys,Maths,92,5124,9
202122,Academic year,National,E92000001,England,Provisional,School type,Allschools,Boys,Maths,93,4017,10
202122,Academic year,National,E92000001,England,Provisional,School type,Allschools,Boys,Maths,94,5541,12
202122,Academic year,National,E92000001,England,Provisional,School type,Allschools,Boys,Maths,95,5830,14
202122,Academic year,National,E92000001,England,Provisional,School type,Allschools,Boys,Maths,96,6321,16
202122,Academic year,National,E92000001,England,Provisional,School type,Allschools,Boys,Maths,97,8572,18
202122,Academic year,National,E92000001,England,Provisional,School type,Allschools,Boys,Maths,98,7436,21
202122,Academic year,National,E92000001,England,Provisional,School type,Allschools,Boys,Maths,99,10081,24
202122,Academic year,National,E92000001,England,Provisional,School type,Allschools,Boys,Maths,100,12040,27
202122,Academic year,National,E92000001,England,Provisional,School type,Allschools,Boys,Maths,101,11173,31
202122,Academic year,National,E92000001,England,Provisional,School type,Allschools,Boys,Maths,102,16140,36
202122,Academic year,National,E92000001,England,Provisional,School type,Allschools,Boys,Maths,103,14862,40
202122,Academic year,National,E92000001,England,Provisional,School type,Allschools,Boys,Maths,104,16948,46
202122,Academic year,National,E92000001,England,Provisional,School type,Allschools,Boys,Maths,105,19319,52
202122,Academic year,National,E92000001,England,Provisional,School type,Allschools,Boys,Maths,106,16128,57
202122,Academic year,National,E92000001,England,Provisional,School type,Allschools,Boys,Maths,107,23030,64
202122,Academic year,National,E92000001,England,Provisional,School type,Allschools,Boys,Maths,108,18774,70
202122,Academic year,National,E92000001,England,Provisional,School type,Allschools,Boys,Maths,109,13243,74
202122,Academic year,National,E92000001,England,Provisional,School type,Allschools,Boys,Maths,110,13900,78
202122,Academic year,National,E92000001,England,Provisional,School type,Allschools,Boys,Maths,111,20446,84
202122,Academic year,National,E92000001,England,Provisional,School type,Allschools,Boys,Maths,112,7113,86
202122,Academic year,National,E92000001,England,Provisional,School type,Allschools,Boys,Maths,113,13457,91
202122,Academic year,National,E92000001,England,Provisional,School type,Allschools,Boys,Maths,114,6527,93
202122,Academic year,National,E92000001,England,Provisional,School type,Allschools,Boys,Maths,115,5782,94
202122,Academic year,National,E92000001,England,Provisional,School type,Allschools,Boys,Maths,116,5497,96
202122,Academic year,National,E92000001,England,Provisional,School type,Allschools,Boys,Maths,117,4639,98
202122,Academic year,National,E92000001,England,Provisional,School type,Allschools,Boys,Maths,118,3774,99
202122,Academic year,National,E92000001,England,Provisional,School type,Allschools,Boys,Maths,119,31,99
202122,Academic year,National,E92000001,England,Provisional,School type,Allschools,Boys,Maths,120,4106,100
202122,Academic year,National,E92000001,England,Provisional,School type,Allschools,Girls,Reading,N,609,0
202122,Academic year,National,E92000001,England,Provisional,School type,Allschools,Girls,Reading,80,978,1
202122,Academic year,National,E92000001,England,Provisional,School type,Allschools,Girls,Reading,81,627,1
202122,Academic year,National,E92000001,England,Provisional,School type,Allschools,Girls,Reading,82,731,1
202122,Academic year,National,E92000001,England,Provisional,School type,Allschools,Girls,Reading,83,786,1
202122,Academic year,National,E92000001,England,Provisional,School type,Allschools,Girls,Reading,84,951,1
202122,Academic year,National,E92000001,England,Provisional,School type,Allschools,Girls,Reading,85,1014,2
202122,Academic year,National,E92000001,England,Provisional,School type,Allschools,Girls,Reading,86,1044,2
202122,Academic year,National,E92000001,England,Provisional,School type,Allschools,Girls,Reading,87,1221,3
202122,Academic year,National,E92000001,England,Provisional,School type,Allschools,Girls,Reading,88,2678,3
202122,Academic year,National,E92000001,England,Provisional,School type,Allschools,Girls,Reading,89,1533,4
202122,Academic year,National,E92000001,England,Provisional,School type,Allschools,Girls,Reading,90,1578,4
202122,Academic year,National,E92000001,England,Provisional,School type,Allschools,Girls,Reading,91,3583,5
202122,Academic year,National,E92000001,England,Provisional,School type,Allschools,Girls,Reading,92,2018,6
202122,Academic year,National,E92000001,England,Provisional,School type,Allschools,Girls,Reading,93,4729,8
202122,Academic year,National,E92000001,England,Provisional,School type,Allschools,Girls,Reading,94,2696,8
202122,Academic year,National,E92000001,England,Provisional,School type,Allschools,Girls,Reading,95,2945,9
202122,Academic year,National,E92000001,England,Provisional,School type,Allschools,Girls,Reading,96,6940,12
202122,Academic year,National,E92000001,England,Provisional,School type,Allschools,Girls,Reading,97,4106,13
202122,Academic year,National,E92000001,England,Provisional,School type,Allschools,Girls,Reading,98,9779,16
202122,Academic year,National,E92000001,England,Provisional,School type,Allschools,Girls,Reading,99,5967,18
202122,Academic year,National,E92000001,England,Provisional,School type,Allschools,Girls,Reading,100,13794,22
202122,Academic year,National,E92000001,England,Provisional,School type,Allschools,Girls,Reading,101,8349,25
202122,Academic year,National,E92000001,England,Provisional,School type,Allschools,Girls,Reading,102,9415,28
202122,Academic year,National,E92000001,England,Provisional,School type,Allschools,Girls,Reading,103,10625,31
202122,Academic year,National,E92000001,England,Provisional,School type,Allschools,Girls,Reading,104,24987,39
202122,Academic year,National,E92000001,England,Provisional,School type,Allschools,Girls,Reading,105,14536,44
202122,Academic year,National,E92000001,England,Provisional,School type,Allschools,Girls,Reading,106,15801,49
202122,Academic year,National,E92000001,England,Provisional,School type,Allschools,Girls,Reading,107,17333,54
202122,Academic year,National,E92000001,England,Provisional,School type,Allschools,Girls,Reading,108,18299,60
202122,Academic year,National,E92000001,England,Provisional,School type,Allschools,Girls,Reading,109,18718,66
202122,Academic year,National,E92000001,England,Provisional,School type,Allschools,Girls,Reading,110,19307,72
202122,Academic year,National,E92000001,England,Provisional,School type,Allschools,Girls,Reading,111,18750,78
202122,Academic year,National,E92000001,England,Provisional,School type,Allschools,Girls,Reading,112,205,78
202122,Academic year,National,E92000001,England,Provisional,School type,Allschools,Girls,Reading,113,17819,84
202122,Academic year,National,E92000001,England,Provisional,School type,Allschools,Girls,Reading,114,16036,89
202122,Academic year,National,E92000001,England,Provisional,School type,Allschools,Girls,Reading,115,13119,93
202122,Academic year,National,E92000001,England,Provisional,School type,Allschools,Girls,Reading,116,149,93
202122,Academic year,National,E92000001,England,Provisional,School type,Allschools,Girls,Reading,117,10368,96
202122,Academic year,National,E92000001,England,Provisional,School type,Allschools,Girls,Reading,118,6856,98
202122,Academic year,National,E92000001,England,Provisional,School type,Allschools,Girls,Reading,120,5675,100
202122,Academic year,National,E92000001,England,Provisional,School type,Allschools,Girls,"Grammar, punctuation and spelling",N,143,0
202122,Academic year,National,E92000001,England,Provisional,School type,Allschools,Girls,"Grammar, punctuation and spelling",80,181,0
202122,Academic year,National,E92000001,England,Provisional,School type,Allschools,Girls,"Grammar, punctuation and spelling",81,248,0
202122,Academic year,National,E92000001,England,Provisional,School type,Allschools,Girls,"Grammar, punctuation and spelling",82,408,0
202122,Academic year,National,E92000001,England,Provisional,School type,Allschools,Girls,"Grammar, punctuation and spelling",83,580,0
202122,Academic year,National,E92000001,England,Provisional,School type,Allschools,Girls,"Grammar, punctuation and spelling",84,660,1
202122,Academic year,National,E92000001,England,Provisional,School type,Allschools,Girls,"Grammar, punctuation and spelling",85,786,1
202122,Academic year,National,E92000001,England,Provisional,School type,Allschools,Girls,"Grammar, punctuation and spelling",86,902,1
202122,Academic year,National,E92000001,England,Provisional,School type,Allschools,Girls,"Grammar, punctuation and spelling",87,2135,2
202122,Academic year,National,E92000001,England,Provisional,School type,Allschools,Girls,"Grammar, punctuation and spelling",88,1182,2
202122,Academic year,National,E92000001,England,Provisional,School type,Allschools,Girls,"Grammar, punctuation and spelling",89,2635,3
202122,Academic year,National,E92000001,England,Provisional,School type,Allschools,Girls,"Grammar, punctuation and spelling",90,3091,4
202122,Academic year,National,E92000001,England,Provisional,School type,Allschools,Girls,"Grammar, punctuation and spelling",91,1668,5
202122,Academic year,National,E92000001,England,Provisional,School type,Allschools,Girls,"Grammar, punctuation and spelling",92,3715,6
202122,Academic year,National,E92000001,England,Provisional,School type,Allschools,Girls,"Grammar, punctuation and spelling",93,4048,7
202122,Academic year,National,E92000001,England,Provisional,School type,Allschools,Girls,"Grammar, punctuation and spelling",94,4698,9
202122,Academic year,National,E92000001,England,Provisional,School type,Allschools,Girls,"Grammar, punctuation and spelling",95,5335,10
202122,Academic year,National,E92000001,England,Provisional,School type,Allschools,Girls,"Grammar, punctuation and spelling",96,9128,13
202122,Academic year,National,E92000001,England,Provisional,School type,Allschools,Girls,"Grammar, punctuation and spelling",97,7108,15
202122,Academic year,National,E92000001,England,Provisional,School type,Allschools,Girls,"Grammar, punctuation and spelling",98,7953,18
202122,Academic year,National,E92000001,England,Provisional,School type,Allschools,Girls,"Grammar, punctuation and spelling",99,8771,21
202122,Academic year,National,E92000001,England,Provisional,School type,Allschools,Girls,"Grammar, punctuation and spelling",100,9955,24
202122,Academic year,National,E92000001,England,Provisional,School type,Allschools,Girls,"Grammar, punctuation and spelling",101,10905,27
202122,Academic year,National,E92000001,England,Provisional,School type,Allschools,Girls,"Grammar, punctuation and spelling",102,18620,33
202122,Academic year,National,E92000001,England,Provisional,School type,Allschools,Girls,"Grammar, punctuation and spelling",103,13987,38
202122,Academic year,National,E92000001,England,Provisional,School type,Allschools,Girls,"Grammar, punctuation and spelling",104,14892,42
202122,Academic year,National,E92000001,England,Provisional,School type,Allschools,Girls,"Grammar, punctuation and spelling",105,16137,47
202122,Academic year,National,E92000001,England,Provisional,School type,Allschools,Girls,"Grammar, punctuation and spelling",106,8533,50
202122,Academic year,National,E92000001,England,Provisional,School type,Allschools,Girls,"Grammar, punctuation and spelling",107,17527,56
202122,Academic year,National,E92000001,England,Provisional,School type,Allschools,Girls,"Grammar, punctuation and spelling",108,18238,61
202122,Academic year,National,E92000001,England,Provisional,School type,Allschools,Girls,"Grammar, punctuation and spelling",109,18439,67
202122,Academic year,National,E92000001,England,Provisional,School type,Allschools,Girls,"Grammar, punctuation and spelling",110,9352,70
202122,Academic year,National,E92000001,England,Provisional,School type,Allschools,Girls,"Grammar, punctuation and spelling",111,9338,73
202122,Academic year,National,E92000001,England,Provisional,School type,Allschools,Girls,"Grammar, punctuation and spelling",112,18034,79
202122,Academic year,National,E92000001,England,Provisional,School type,Allschools,Girls,"Grammar, punctuation and spelling",113,8719,82
202122,Academic year,National,E92000001,England,Provisional,School type,Allschools,Girls,"Grammar, punctuation and spelling",114,8438,84
202122,Academic year,National,E92000001,England,Provisional,School type,Allschools,Girls,"Grammar, punctuation and spelling",115,8157,87
202122,Academic year,National,E92000001,England,Provisional,School type,Allschools,Girls,"Grammar, punctuation and spelling",116,7637,89
202122,Academic year,National,E92000001,England,Provisional,School type,Allschools,Girls,"Grammar, punctuation and spelling",117,7088,92
202122,Academic year,National,E92000001,England,Provisional,School type,Allschools,Girls,"Grammar, punctuation and spelling",118,6544,94
202122,Academic year,National,E92000001,England,Provisional,School type,Allschools,Girls,"Grammar, punctuation and spelling",119,5704,95
202122,Academic year,National,E92000001,England,Provisional,School type,Allschools,Girls,"Grammar, punctuation and spelling",120,14349,100
202122,Academic year,National,E92000001,England,Provisional,School type,Allschools,Girls,Maths,N,931,0
202122,Academic year,National,E92000001,England,Provisional,School type,Allschools,Girls,Maths,80,663,1
202122,Academic year,National,E92000001,England,Provisional,School type,Allschools,Girls,Maths,81,771,1
202122,Academic year,National,E92000001,England,Provisional,School type,Allschools,Girls,Maths,82,886,1
202122,Academic year,National,E92000001,England,Provisional,School type,Allschools,Girls,Maths,83,1985,2
202122,Academic year,National,E92000001,England,Provisional,School type,Allschools,Girls,Maths,84,1040,2
202122,Academic year,National,E92000001,England,Provisional,School type,Allschools,Girls,Maths,85,2151,3
202122,Academic year,National,E92000001,England,Provisional,School type,Allschools,Girls,Maths,86,2179,3
202122,Academic year,National,E92000001,England,Provisional,School type,Allschools,Girls,Maths,87,2291,4
202122,Academic year,National,E92000001,England,Provisional,School type,Allschools,Girls,Maths,88,2386,5
202122,Academic year,National,E92000001,England,Provisional,School type,Allschools,Girls,Maths,89,2384,6
202122,Academic year,National,E92000001,England,Provisional,School type,Allschools,Girls,Maths,90,3854,7
202122,Academic year,National,E92000001,England,Provisional,School type,Allschools,Girls,Maths,91,3868,8
202122,Academic year,National,E92000001,England,Provisional,School type,Allschools,Girls,Maths,92,5593,10
202122,Academic year,National,E92000001,England,Provisional,School type,Allschools,Girls,Maths,93,4463,11
202122,Academic year,National,E92000001,England,Provisional,School type,Allschools,Girls,Maths,94,6191,13
202122,Academic year,National,E92000001,England,Provisional,School type,Allschools,Girls,Maths,95,6707,15
202122,Academic year,National,E92000001,England,Provisional,School type,Allschools,Girls,Maths,96,7165,18
202122,Academic year,National,E92000001,England,Provisional,School type,Allschools,Girls,Maths,97,9664,21
202122,Academic year,National,E92000001,England,Provisional,School type,Allschools,Girls,Maths,98,8683,23
202122,Academic year,National,E92000001,England,Provisional,School type,Allschools,Girls,Maths,99,12112,27
202122,Academic year,National,E92000001,England,Provisional,School type,Allschools,Girls,Maths,100,14164,32
202122,Academic year,National,E92000001,England,Provisional,School type,Allschools,Girls,Maths,101,12913,36
202122,Academic year,National,E92000001,England,Provisional,School type,Allschools,Girls,Maths,102,18641,42
202122,Academic year,National,E92000001,England,Provisional,School type,Allschools,Girls,Maths,103,16771,47
202122,Academic year,National,E92000001,England,Provisional,School type,Allschools,Girls,Maths,104,18256,53
202122,Academic year,National,E92000001,England,Provisional,School type,Allschools,Girls,Maths,105,19887,59
202122,Academic year,National,E92000001,England,Provisional,School type,Allschools,Girls,Maths,106,15707,64
202122,Academic year,National,E92000001,England,Provisional,School type,Allschools,Girls,Maths,107,21323,71
202122,Academic year,National,E92000001,England,Provisional,School type,Allschools,Girls,Maths,108,16470,76
202122,Academic year,National,E92000001,England,Provisional,School type,Allschools,Girls,Maths,109,11126,79
202122,Academic year,National,E92000001,England,Provisional,School type,Allschools,Girls,Maths,110,11404,83
202122,Academic year,National,E92000001,England,Provisional,School type,Allschools,Girls,Maths,111,16789,88
202122,Academic year,National,E92000001,England,Provisional,School type,Allschools,Girls,Maths,112,5334,90
202122,Academic year,National,E92000001,England,Provisional,School type,Allschools,Girls,Maths,113,10280,93
202122,Academic year,National,E92000001,England,Provisional,School type,Allschools,Girls,Maths,114,4781,95
202122,Academic year,National,E92000001,England,Provisional,School type,Allschools,Girls,Maths,115,4302,96
202122,Academic year,National,E92000001,England,Provisional,School type,Allschools,Girls,Maths,116,3897,97
202122,Academic year,National,E92000001,England,Provisional,School type,Allschools,Girls,Maths,117,3105,98
202122,Academic year,National,E92000001,England,Provisional,School type,Allschools,Girls,Maths,118,2449,99
202122,Academic year,National,E92000001,England,Provisional,School type,Allschools,Girls,Maths,119,15,99
202122,Academic year,National,E92000001,England,Provisional,School type,Allschools,Girls,Maths,120,2541,100
